<?xml version="1.0" encoding="UTF-8"?>
<spirit:component xmlns:xilinx="http://www.xilinx.com" xmlns:spirit="http://www.spiritconsortium.org/XMLSchema/SPIRIT/1685-2009" xmlns:xsi="http://www.w3.org/2001/XMLSchema-instance">
  <spirit:vendor>xilinx.com</spirit:vendor>
  <spirit:library>user</spirit:library>
  <spirit:name>GPU_DC</spirit:name>
  <spirit:version>1.7</spirit:version>
  <spirit:busInterfaces>
    <spirit:busInterface>
      <spirit:name>AXI_LITE</spirit:name>
      <spirit:busType spirit:vendor="xilinx.com" spirit:library="interface" spirit:name="aximm" spirit:version="1.0"/>
      <spirit:abstractionType spirit:vendor="xilinx.com" spirit:library="interface" spirit:name="aximm_rtl" spirit:version="1.0"/>
      <spirit:slave>
        <spirit:memoryMapRef spirit:memoryMapRef="AXI_LITE"/>
      </spirit:slave>
      <spirit:portMaps>
        <spirit:portMap>
          <spirit:logicalPort>
            <spirit:name>AWADDR</spirit:name>
          </spirit:logicalPort>
          <spirit:physicalPort>
            <spirit:name>axi_lite_awaddr</spirit:name>
          </spirit:physicalPort>
        </spirit:portMap>
        <spirit:portMap>
          <spirit:logicalPort>
            <spirit:name>AWPROT</spirit:name>
          </spirit:logicalPort>
          <spirit:physicalPort>
            <spirit:name>axi_lite_awprot</spirit:name>
          </spirit:physicalPort>
        </spirit:portMap>
        <spirit:portMap>
          <spirit:logicalPort>
            <spirit:name>AWVALID</spirit:name>
          </spirit:logicalPort>
          <spirit:physicalPort>
            <spirit:name>axi_lite_awvalid</spirit:name>
          </spirit:physicalPort>
        </spirit:portMap>
        <spirit:portMap>
          <spirit:logicalPort>
            <spirit:name>AWREADY</spirit:name>
          </spirit:logicalPort>
          <spirit:physicalPort>
            <spirit:name>axi_lite_awready</spirit:name>
          </spirit:physicalPort>
        </spirit:portMap>
        <spirit:portMap>
          <spirit:logicalPort>
            <spirit:name>WDATA</spirit:name>
          </spirit:logicalPort>
          <spirit:physicalPort>
            <spirit:name>axi_lite_wdata</spirit:name>
          </spirit:physicalPort>
        </spirit:portMap>
        <spirit:portMap>
          <spirit:logicalPort>
            <spirit:name>WSTRB</spirit:name>
          </spirit:logicalPort>
          <spirit:physicalPort>
            <spirit:name>axi_lite_wstrb</spirit:name>
          </spirit:physicalPort>
        </spirit:portMap>
        <spirit:portMap>
          <spirit:logicalPort>
            <spirit:name>WVALID</spirit:name>
          </spirit:logicalPort>
          <spirit:physicalPort>
            <spirit:name>axi_lite_wvalid</spirit:name>
          </spirit:physicalPort>
        </spirit:portMap>
        <spirit:portMap>
          <spirit:logicalPort>
            <spirit:name>WREADY</spirit:name>
          </spirit:logicalPort>
          <spirit:physicalPort>
            <spirit:name>axi_lite_wready</spirit:name>
          </spirit:physicalPort>
        </spirit:portMap>
        <spirit:portMap>
          <spirit:logicalPort>
            <spirit:name>BRESP</spirit:name>
          </spirit:logicalPort>
          <spirit:physicalPort>
            <spirit:name>axi_lite_bresp</spirit:name>
          </spirit:physicalPort>
        </spirit:portMap>
        <spirit:portMap>
          <spirit:logicalPort>
            <spirit:name>BVALID</spirit:name>
          </spirit:logicalPort>
          <spirit:physicalPort>
            <spirit:name>axi_lite_bvalid</spirit:name>
          </spirit:physicalPort>
        </spirit:portMap>
        <spirit:portMap>
          <spirit:logicalPort>
            <spirit:name>BREADY</spirit:name>
          </spirit:logicalPort>
          <spirit:physicalPort>
            <spirit:name>axi_lite_bready</spirit:name>
          </spirit:physicalPort>
        </spirit:portMap>
        <spirit:portMap>
          <spirit:logicalPort>
            <spirit:name>ARADDR</spirit:name>
          </spirit:logicalPort>
          <spirit:physicalPort>
            <spirit:name>axi_lite_araddr</spirit:name>
          </spirit:physicalPort>
        </spirit:portMap>
        <spirit:portMap>
          <spirit:logicalPort>
            <spirit:name>ARPROT</spirit:name>
          </spirit:logicalPort>
          <spirit:physicalPort>
            <spirit:name>axi_lite_arprot</spirit:name>
          </spirit:physicalPort>
        </spirit:portMap>
        <spirit:portMap>
          <spirit:logicalPort>
            <spirit:name>ARVALID</spirit:name>
          </spirit:logicalPort>
          <spirit:physicalPort>
            <spirit:name>axi_lite_arvalid</spirit:name>
          </spirit:physicalPort>
        </spirit:portMap>
        <spirit:portMap>
          <spirit:logicalPort>
            <spirit:name>ARREADY</spirit:name>
          </spirit:logicalPort>
          <spirit:physicalPort>
            <spirit:name>axi_lite_arready</spirit:name>
          </spirit:physicalPort>
        </spirit:portMap>
        <spirit:portMap>
          <spirit:logicalPort>
            <spirit:name>RDATA</spirit:name>
          </spirit:logicalPort>
          <spirit:physicalPort>
            <spirit:name>axi_lite_rdata</spirit:name>
          </spirit:physicalPort>
        </spirit:portMap>
        <spirit:portMap>
          <spirit:logicalPort>
            <spirit:name>RRESP</spirit:name>
          </spirit:logicalPort>
          <spirit:physicalPort>
            <spirit:name>axi_lite_rresp</spirit:name>
          </spirit:physicalPort>
        </spirit:portMap>
        <spirit:portMap>
          <spirit:logicalPort>
            <spirit:name>RVALID</spirit:name>
          </spirit:logicalPort>
          <spirit:physicalPort>
            <spirit:name>axi_lite_rvalid</spirit:name>
          </spirit:physicalPort>
        </spirit:portMap>
        <spirit:portMap>
          <spirit:logicalPort>
            <spirit:name>RREADY</spirit:name>
          </spirit:logicalPort>
          <spirit:physicalPort>
            <spirit:name>axi_lite_rready</spirit:name>
          </spirit:physicalPort>
        </spirit:portMap>
      </spirit:portMaps>
      <spirit:parameters>
        <spirit:parameter>
          <spirit:name>WIZ_DATA_WIDTH</spirit:name>
          <spirit:value spirit:format="long" spirit:id="BUSIFPARAM_VALUE.AXI_LITE.WIZ_DATA_WIDTH" spirit:choiceRef="choice_list_6fc15197">32</spirit:value>
        </spirit:parameter>
        <spirit:parameter>
          <spirit:name>WIZ_NUM_REG</spirit:name>
          <spirit:value spirit:format="long" spirit:id="BUSIFPARAM_VALUE.AXI_LITE.WIZ_NUM_REG" spirit:minimum="4" spirit:maximum="512" spirit:rangeType="long">4</spirit:value>
        </spirit:parameter>
        <spirit:parameter>
          <spirit:name>SUPPORTS_NARROW_BURST</spirit:name>
          <spirit:value spirit:format="long" spirit:id="BUSIFPARAM_VALUE.AXI_LITE.SUPPORTS_NARROW_BURST" spirit:choiceRef="choice_pairs_ce1226b1">0</spirit:value>
        </spirit:parameter>
      </spirit:parameters>
    </spirit:busInterface>
    <spirit:busInterface>
      <spirit:name>AXI_LITE_RST</spirit:name>
      <spirit:busType spirit:vendor="xilinx.com" spirit:library="signal" spirit:name="reset" spirit:version="1.0"/>
      <spirit:abstractionType spirit:vendor="xilinx.com" spirit:library="signal" spirit:name="reset_rtl" spirit:version="1.0"/>
      <spirit:slave/>
      <spirit:portMaps>
        <spirit:portMap>
          <spirit:logicalPort>
            <spirit:name>RST</spirit:name>
          </spirit:logicalPort>
          <spirit:physicalPort>
            <spirit:name>axi_lite_aresetn</spirit:name>
          </spirit:physicalPort>
        </spirit:portMap>
      </spirit:portMaps>
      <spirit:parameters>
        <spirit:parameter>
          <spirit:name>POLARITY</spirit:name>
          <spirit:value spirit:id="BUSIFPARAM_VALUE.AXI_LITE_RST.POLARITY" spirit:choiceRef="choice_list_9d8b0d81">ACTIVE_LOW</spirit:value>
        </spirit:parameter>
      </spirit:parameters>
    </spirit:busInterface>
    <spirit:busInterface>
      <spirit:name>AXI_LITE_CLK</spirit:name>
      <spirit:busType spirit:vendor="xilinx.com" spirit:library="signal" spirit:name="clock" spirit:version="1.0"/>
      <spirit:abstractionType spirit:vendor="xilinx.com" spirit:library="signal" spirit:name="clock_rtl" spirit:version="1.0"/>
      <spirit:slave/>
      <spirit:portMaps>
        <spirit:portMap>
          <spirit:logicalPort>
            <spirit:name>CLK</spirit:name>
          </spirit:logicalPort>
          <spirit:physicalPort>
            <spirit:name>axi_lite_aclk</spirit:name>
          </spirit:physicalPort>
        </spirit:portMap>
      </spirit:portMaps>
      <spirit:parameters>
        <spirit:parameter>
          <spirit:name>ASSOCIATED_BUSIF</spirit:name>
          <spirit:value spirit:id="BUSIFPARAM_VALUE.AXI_LITE_CLK.ASSOCIATED_BUSIF">AXI_LITE</spirit:value>
        </spirit:parameter>
        <spirit:parameter>
          <spirit:name>ASSOCIATED_RESET</spirit:name>
          <spirit:value spirit:id="BUSIFPARAM_VALUE.AXI_LITE_CLK.ASSOCIATED_RESET">axi_lite_aresetn</spirit:value>
        </spirit:parameter>
      </spirit:parameters>
    </spirit:busInterface>
  </spirit:busInterfaces>
  <spirit:memoryMaps>
    <spirit:memoryMap>
      <spirit:name>AXI_LITE</spirit:name>
      <spirit:addressBlock>
        <spirit:name>AXI_LITE_reg</spirit:name>
        <spirit:baseAddress spirit:format="long" spirit:resolve="user">0</spirit:baseAddress>
        <spirit:range spirit:format="long">4096</spirit:range>
        <spirit:width spirit:format="long">32</spirit:width>
        <spirit:usage>register</spirit:usage>
        <spirit:parameters>
          <spirit:parameter>
            <spirit:name>OFFSET_BASE_PARAM</spirit:name>
            <spirit:value spirit:id="ADDRBLOCKPARAM_VALUE.AXI_LITE.AXI_LITE_REG.OFFSET_BASE_PARAM">C_AXI_LITE_BASEADDR</spirit:value>
          </spirit:parameter>
          <spirit:parameter>
            <spirit:name>OFFSET_HIGH_PARAM</spirit:name>
            <spirit:value spirit:id="ADDRBLOCKPARAM_VALUE.AXI_LITE.AXI_LITE_REG.OFFSET_HIGH_PARAM">C_AXI_LITE_HIGHADDR</spirit:value>
          </spirit:parameter>
        </spirit:parameters>
      </spirit:addressBlock>
    </spirit:memoryMap>
  </spirit:memoryMaps>
  <spirit:model>
    <spirit:views>
      <spirit:view>
        <spirit:name>xilinx_verilogsynthesis</spirit:name>
        <spirit:displayName>Verilog Synthesis</spirit:displayName>
        <spirit:envIdentifier>verilogSource:vivado.xilinx.com:synthesis</spirit:envIdentifier>
        <spirit:language>verilog</spirit:language>
        <spirit:modelName>GPU_DC_v1_0</spirit:modelName>
        <spirit:fileSetRef>
          <spirit:localName>xilinx_verilogsynthesis_view_fileset</spirit:localName>
        </spirit:fileSetRef>
        <spirit:parameters>
          <spirit:parameter>
            <spirit:name>viewChecksum</spirit:name>
            <spirit:value>d7526998</spirit:value>
          </spirit:parameter>
        </spirit:parameters>
      </spirit:view>
      <spirit:view>
        <spirit:name>xilinx_verilogbehavioralsimulation</spirit:name>
        <spirit:displayName>Verilog Simulation</spirit:displayName>
        <spirit:envIdentifier>verilogSource:vivado.xilinx.com:simulation</spirit:envIdentifier>
        <spirit:language>verilog</spirit:language>
        <spirit:modelName>GPU_DC_v1_0</spirit:modelName>
        <spirit:fileSetRef>
          <spirit:localName>xilinx_verilogbehavioralsimulation_view_fileset</spirit:localName>
        </spirit:fileSetRef>
        <spirit:parameters>
          <spirit:parameter>
            <spirit:name>viewChecksum</spirit:name>
            <spirit:value>d7526998</spirit:value>
          </spirit:parameter>
        </spirit:parameters>
      </spirit:view>
      <spirit:view>
        <spirit:name>xilinx_softwaredriver</spirit:name>
        <spirit:displayName>Software Driver</spirit:displayName>
        <spirit:envIdentifier>:vivado.xilinx.com:sw.driver</spirit:envIdentifier>
        <spirit:fileSetRef>
          <spirit:localName>xilinx_softwaredriver_view_fileset</spirit:localName>
        </spirit:fileSetRef>
        <spirit:parameters>
          <spirit:parameter>
            <spirit:name>viewChecksum</spirit:name>
            <spirit:value>e5bcc138</spirit:value>
          </spirit:parameter>
        </spirit:parameters>
      </spirit:view>
      <spirit:view>
        <spirit:name>xilinx_xpgui</spirit:name>
        <spirit:displayName>UI Layout</spirit:displayName>
        <spirit:envIdentifier>:vivado.xilinx.com:xgui.ui</spirit:envIdentifier>
        <spirit:fileSetRef>
          <spirit:localName>xilinx_xpgui_view_fileset</spirit:localName>
        </spirit:fileSetRef>
        <spirit:parameters>
          <spirit:parameter>
            <spirit:name>viewChecksum</spirit:name>
            <spirit:value>ff2deb99</spirit:value>
          </spirit:parameter>
        </spirit:parameters>
      </spirit:view>
      <spirit:view>
        <spirit:name>bd_tcl</spirit:name>
        <spirit:displayName>Block Diagram</spirit:displayName>
        <spirit:envIdentifier>:vivado.xilinx.com:block.diagram</spirit:envIdentifier>
        <spirit:fileSetRef>
          <spirit:localName>bd_tcl_view_fileset</spirit:localName>
        </spirit:fileSetRef>
        <spirit:parameters>
          <spirit:parameter>
            <spirit:name>viewChecksum</spirit:name>
            <spirit:value>16328387</spirit:value>
          </spirit:parameter>
        </spirit:parameters>
      </spirit:view>
    </spirit:views>
    <spirit:ports>
      <spirit:port>
        <spirit:name>vga_clk</spirit:name>
        <spirit:wire>
          <spirit:direction>in</spirit:direction>
          <spirit:wireTypeDefs>
            <spirit:wireTypeDef>
              <spirit:typeName>wire</spirit:typeName>
              <spirit:viewNameRef>xilinx_verilogsynthesis</spirit:viewNameRef>
              <spirit:viewNameRef>xilinx_verilogbehavioralsimulation</spirit:viewNameRef>
            </spirit:wireTypeDef>
          </spirit:wireTypeDefs>
        </spirit:wire>
      </spirit:port>
      <spirit:port>
        <spirit:name>r</spirit:name>
        <spirit:wire>
          <spirit:direction>out</spirit:direction>
          <spirit:vector>
            <spirit:left spirit:format="long">3</spirit:left>
            <spirit:right spirit:format="long">0</spirit:right>
          </spirit:vector>
          <spirit:wireTypeDefs>
            <spirit:wireTypeDef>
              <spirit:typeName>wire</spirit:typeName>
              <spirit:viewNameRef>xilinx_verilogsynthesis</spirit:viewNameRef>
              <spirit:viewNameRef>xilinx_verilogbehavioralsimulation</spirit:viewNameRef>
            </spirit:wireTypeDef>
          </spirit:wireTypeDefs>
        </spirit:wire>
      </spirit:port>
      <spirit:port>
        <spirit:name>g</spirit:name>
        <spirit:wire>
          <spirit:direction>out</spirit:direction>
          <spirit:vector>
            <spirit:left spirit:format="long">3</spirit:left>
            <spirit:right spirit:format="long">0</spirit:right>
          </spirit:vector>
          <spirit:wireTypeDefs>
            <spirit:wireTypeDef>
              <spirit:typeName>wire</spirit:typeName>
              <spirit:viewNameRef>xilinx_verilogsynthesis</spirit:viewNameRef>
              <spirit:viewNameRef>xilinx_verilogbehavioralsimulation</spirit:viewNameRef>
            </spirit:wireTypeDef>
          </spirit:wireTypeDefs>
        </spirit:wire>
      </spirit:port>
      <spirit:port>
        <spirit:name>b</spirit:name>
        <spirit:wire>
          <spirit:direction>out</spirit:direction>
          <spirit:vector>
            <spirit:left spirit:format="long">3</spirit:left>
            <spirit:right spirit:format="long">0</spirit:right>
          </spirit:vector>
          <spirit:wireTypeDefs>
            <spirit:wireTypeDef>
              <spirit:typeName>wire</spirit:typeName>
              <spirit:viewNameRef>xilinx_verilogsynthesis</spirit:viewNameRef>
              <spirit:viewNameRef>xilinx_verilogbehavioralsimulation</spirit:viewNameRef>
            </spirit:wireTypeDef>
          </spirit:wireTypeDefs>
        </spirit:wire>
      </spirit:port>
      <spirit:port>
        <spirit:name>hs</spirit:name>
        <spirit:wire>
          <spirit:direction>out</spirit:direction>
          <spirit:wireTypeDefs>
            <spirit:wireTypeDef>
              <spirit:typeName>wire</spirit:typeName>
              <spirit:viewNameRef>xilinx_verilogsynthesis</spirit:viewNameRef>
              <spirit:viewNameRef>xilinx_verilogbehavioralsimulation</spirit:viewNameRef>
            </spirit:wireTypeDef>
          </spirit:wireTypeDefs>
        </spirit:wire>
      </spirit:port>
      <spirit:port>
        <spirit:name>vs</spirit:name>
        <spirit:wire>
          <spirit:direction>out</spirit:direction>
          <spirit:wireTypeDefs>
            <spirit:wireTypeDef>
              <spirit:typeName>wire</spirit:typeName>
              <spirit:viewNameRef>xilinx_verilogsynthesis</spirit:viewNameRef>
              <spirit:viewNameRef>xilinx_verilogbehavioralsimulation</spirit:viewNameRef>
            </spirit:wireTypeDef>
          </spirit:wireTypeDefs>
        </spirit:wire>
      </spirit:port>
      <spirit:port>
        <spirit:name>axi_lite_aclk</spirit:name>
        <spirit:wire>
          <spirit:direction>in</spirit:direction>
          <spirit:wireTypeDefs>
            <spirit:wireTypeDef>
              <spirit:typeName>wire</spirit:typeName>
              <spirit:viewNameRef>xilinx_verilogsynthesis</spirit:viewNameRef>
              <spirit:viewNameRef>xilinx_verilogbehavioralsimulation</spirit:viewNameRef>
            </spirit:wireTypeDef>
          </spirit:wireTypeDefs>
        </spirit:wire>
      </spirit:port>
      <spirit:port>
        <spirit:name>axi_lite_aresetn</spirit:name>
        <spirit:wire>
          <spirit:direction>in</spirit:direction>
          <spirit:wireTypeDefs>
            <spirit:wireTypeDef>
              <spirit:typeName>wire</spirit:typeName>
              <spirit:viewNameRef>xilinx_verilogsynthesis</spirit:viewNameRef>
              <spirit:viewNameRef>xilinx_verilogbehavioralsimulation</spirit:viewNameRef>
            </spirit:wireTypeDef>
          </spirit:wireTypeDefs>
        </spirit:wire>
      </spirit:port>
      <spirit:port>
        <spirit:name>axi_lite_awaddr</spirit:name>
        <spirit:wire>
          <spirit:direction>in</spirit:direction>
          <spirit:vector>
            <spirit:left spirit:format="long" spirit:resolve="dependent" spirit:dependency="(spirit:decode(id(&apos;MODELPARAM_VALUE.C_AXI_LITE_ADDR_WIDTH&apos;)) - 1)">3</spirit:left>
            <spirit:right spirit:format="long">0</spirit:right>
          </spirit:vector>
          <spirit:wireTypeDefs>
            <spirit:wireTypeDef>
              <spirit:typeName>wire</spirit:typeName>
              <spirit:viewNameRef>xilinx_verilogsynthesis</spirit:viewNameRef>
              <spirit:viewNameRef>xilinx_verilogbehavioralsimulation</spirit:viewNameRef>
            </spirit:wireTypeDef>
          </spirit:wireTypeDefs>
        </spirit:wire>
      </spirit:port>
      <spirit:port>
        <spirit:name>axi_lite_awprot</spirit:name>
        <spirit:wire>
          <spirit:direction>in</spirit:direction>
          <spirit:vector>
            <spirit:left spirit:format="long">2</spirit:left>
            <spirit:right spirit:format="long">0</spirit:right>
          </spirit:vector>
          <spirit:wireTypeDefs>
            <spirit:wireTypeDef>
              <spirit:typeName>wire</spirit:typeName>
              <spirit:viewNameRef>xilinx_verilogsynthesis</spirit:viewNameRef>
              <spirit:viewNameRef>xilinx_verilogbehavioralsimulation</spirit:viewNameRef>
            </spirit:wireTypeDef>
          </spirit:wireTypeDefs>
        </spirit:wire>
      </spirit:port>
      <spirit:port>
        <spirit:name>axi_lite_awvalid</spirit:name>
        <spirit:wire>
          <spirit:direction>in</spirit:direction>
          <spirit:wireTypeDefs>
            <spirit:wireTypeDef>
              <spirit:typeName>wire</spirit:typeName>
              <spirit:viewNameRef>xilinx_verilogsynthesis</spirit:viewNameRef>
              <spirit:viewNameRef>xilinx_verilogbehavioralsimulation</spirit:viewNameRef>
            </spirit:wireTypeDef>
          </spirit:wireTypeDefs>
        </spirit:wire>
      </spirit:port>
      <spirit:port>
        <spirit:name>axi_lite_awready</spirit:name>
        <spirit:wire>
          <spirit:direction>out</spirit:direction>
          <spirit:wireTypeDefs>
            <spirit:wireTypeDef>
              <spirit:typeName>wire</spirit:typeName>
              <spirit:viewNameRef>xilinx_verilogsynthesis</spirit:viewNameRef>
              <spirit:viewNameRef>xilinx_verilogbehavioralsimulation</spirit:viewNameRef>
            </spirit:wireTypeDef>
          </spirit:wireTypeDefs>
        </spirit:wire>
      </spirit:port>
      <spirit:port>
        <spirit:name>axi_lite_wdata</spirit:name>
        <spirit:wire>
          <spirit:direction>in</spirit:direction>
          <spirit:vector>
            <spirit:left spirit:format="long" spirit:resolve="dependent" spirit:dependency="(spirit:decode(id(&apos;MODELPARAM_VALUE.C_AXI_LITE_DATA_WIDTH&apos;)) - 1)">31</spirit:left>
            <spirit:right spirit:format="long">0</spirit:right>
          </spirit:vector>
          <spirit:wireTypeDefs>
            <spirit:wireTypeDef>
              <spirit:typeName>wire</spirit:typeName>
              <spirit:viewNameRef>xilinx_verilogsynthesis</spirit:viewNameRef>
              <spirit:viewNameRef>xilinx_verilogbehavioralsimulation</spirit:viewNameRef>
            </spirit:wireTypeDef>
          </spirit:wireTypeDefs>
        </spirit:wire>
      </spirit:port>
      <spirit:port>
        <spirit:name>axi_lite_wstrb</spirit:name>
        <spirit:wire>
          <spirit:direction>in</spirit:direction>
          <spirit:vector>
            <spirit:left spirit:format="long" spirit:resolve="dependent" spirit:dependency="((spirit:decode(id(&apos;MODELPARAM_VALUE.C_AXI_LITE_DATA_WIDTH&apos;)) / 8) - 1)">3</spirit:left>
            <spirit:right spirit:format="long">0</spirit:right>
          </spirit:vector>
          <spirit:wireTypeDefs>
            <spirit:wireTypeDef>
              <spirit:typeName>wire</spirit:typeName>
              <spirit:viewNameRef>xilinx_verilogsynthesis</spirit:viewNameRef>
              <spirit:viewNameRef>xilinx_verilogbehavioralsimulation</spirit:viewNameRef>
            </spirit:wireTypeDef>
          </spirit:wireTypeDefs>
        </spirit:wire>
      </spirit:port>
      <spirit:port>
        <spirit:name>axi_lite_wvalid</spirit:name>
        <spirit:wire>
          <spirit:direction>in</spirit:direction>
          <spirit:wireTypeDefs>
            <spirit:wireTypeDef>
              <spirit:typeName>wire</spirit:typeName>
              <spirit:viewNameRef>xilinx_verilogsynthesis</spirit:viewNameRef>
              <spirit:viewNameRef>xilinx_verilogbehavioralsimulation</spirit:viewNameRef>
            </spirit:wireTypeDef>
          </spirit:wireTypeDefs>
        </spirit:wire>
      </spirit:port>
      <spirit:port>
        <spirit:name>axi_lite_wready</spirit:name>
        <spirit:wire>
          <spirit:direction>out</spirit:direction>
          <spirit:wireTypeDefs>
            <spirit:wireTypeDef>
              <spirit:typeName>wire</spirit:typeName>
              <spirit:viewNameRef>xilinx_verilogsynthesis</spirit:viewNameRef>
              <spirit:viewNameRef>xilinx_verilogbehavioralsimulation</spirit:viewNameRef>
            </spirit:wireTypeDef>
          </spirit:wireTypeDefs>
        </spirit:wire>
      </spirit:port>
      <spirit:port>
        <spirit:name>axi_lite_bresp</spirit:name>
        <spirit:wire>
          <spirit:direction>out</spirit:direction>
          <spirit:vector>
            <spirit:left spirit:format="long">1</spirit:left>
            <spirit:right spirit:format="long">0</spirit:right>
          </spirit:vector>
          <spirit:wireTypeDefs>
            <spirit:wireTypeDef>
              <spirit:typeName>wire</spirit:typeName>
              <spirit:viewNameRef>xilinx_verilogsynthesis</spirit:viewNameRef>
              <spirit:viewNameRef>xilinx_verilogbehavioralsimulation</spirit:viewNameRef>
            </spirit:wireTypeDef>
          </spirit:wireTypeDefs>
        </spirit:wire>
      </spirit:port>
      <spirit:port>
        <spirit:name>axi_lite_bvalid</spirit:name>
        <spirit:wire>
          <spirit:direction>out</spirit:direction>
          <spirit:wireTypeDefs>
            <spirit:wireTypeDef>
              <spirit:typeName>wire</spirit:typeName>
              <spirit:viewNameRef>xilinx_verilogsynthesis</spirit:viewNameRef>
              <spirit:viewNameRef>xilinx_verilogbehavioralsimulation</spirit:viewNameRef>
            </spirit:wireTypeDef>
          </spirit:wireTypeDefs>
        </spirit:wire>
      </spirit:port>
      <spirit:port>
        <spirit:name>axi_lite_bready</spirit:name>
        <spirit:wire>
          <spirit:direction>in</spirit:direction>
          <spirit:wireTypeDefs>
            <spirit:wireTypeDef>
              <spirit:typeName>wire</spirit:typeName>
              <spirit:viewNameRef>xilinx_verilogsynthesis</spirit:viewNameRef>
              <spirit:viewNameRef>xilinx_verilogbehavioralsimulation</spirit:viewNameRef>
            </spirit:wireTypeDef>
          </spirit:wireTypeDefs>
        </spirit:wire>
      </spirit:port>
      <spirit:port>
        <spirit:name>axi_lite_araddr</spirit:name>
        <spirit:wire>
          <spirit:direction>in</spirit:direction>
          <spirit:vector>
            <spirit:left spirit:format="long" spirit:resolve="dependent" spirit:dependency="(spirit:decode(id(&apos;MODELPARAM_VALUE.C_AXI_LITE_ADDR_WIDTH&apos;)) - 1)">3</spirit:left>
            <spirit:right spirit:format="long">0</spirit:right>
          </spirit:vector>
          <spirit:wireTypeDefs>
            <spirit:wireTypeDef>
              <spirit:typeName>wire</spirit:typeName>
              <spirit:viewNameRef>xilinx_verilogsynthesis</spirit:viewNameRef>
              <spirit:viewNameRef>xilinx_verilogbehavioralsimulation</spirit:viewNameRef>
            </spirit:wireTypeDef>
          </spirit:wireTypeDefs>
        </spirit:wire>
      </spirit:port>
      <spirit:port>
        <spirit:name>axi_lite_arprot</spirit:name>
        <spirit:wire>
          <spirit:direction>in</spirit:direction>
          <spirit:vector>
            <spirit:left spirit:format="long">2</spirit:left>
            <spirit:right spirit:format="long">0</spirit:right>
          </spirit:vector>
          <spirit:wireTypeDefs>
            <spirit:wireTypeDef>
              <spirit:typeName>wire</spirit:typeName>
              <spirit:viewNameRef>xilinx_verilogsynthesis</spirit:viewNameRef>
              <spirit:viewNameRef>xilinx_verilogbehavioralsimulation</spirit:viewNameRef>
            </spirit:wireTypeDef>
          </spirit:wireTypeDefs>
        </spirit:wire>
      </spirit:port>
      <spirit:port>
        <spirit:name>axi_lite_arvalid</spirit:name>
        <spirit:wire>
          <spirit:direction>in</spirit:direction>
          <spirit:wireTypeDefs>
            <spirit:wireTypeDef>
              <spirit:typeName>wire</spirit:typeName>
              <spirit:viewNameRef>xilinx_verilogsynthesis</spirit:viewNameRef>
              <spirit:viewNameRef>xilinx_verilogbehavioralsimulation</spirit:viewNameRef>
            </spirit:wireTypeDef>
          </spirit:wireTypeDefs>
        </spirit:wire>
      </spirit:port>
      <spirit:port>
        <spirit:name>axi_lite_arready</spirit:name>
        <spirit:wire>
          <spirit:direction>out</spirit:direction>
          <spirit:wireTypeDefs>
            <spirit:wireTypeDef>
              <spirit:typeName>wire</spirit:typeName>
              <spirit:viewNameRef>xilinx_verilogsynthesis</spirit:viewNameRef>
              <spirit:viewNameRef>xilinx_verilogbehavioralsimulation</spirit:viewNameRef>
            </spirit:wireTypeDef>
          </spirit:wireTypeDefs>
        </spirit:wire>
      </spirit:port>
      <spirit:port>
        <spirit:name>axi_lite_rdata</spirit:name>
        <spirit:wire>
          <spirit:direction>out</spirit:direction>
          <spirit:vector>
            <spirit:left spirit:format="long" spirit:resolve="dependent" spirit:dependency="(spirit:decode(id(&apos;MODELPARAM_VALUE.C_AXI_LITE_DATA_WIDTH&apos;)) - 1)">31</spirit:left>
            <spirit:right spirit:format="long">0</spirit:right>
          </spirit:vector>
          <spirit:wireTypeDefs>
            <spirit:wireTypeDef>
              <spirit:typeName>wire</spirit:typeName>
              <spirit:viewNameRef>xilinx_verilogsynthesis</spirit:viewNameRef>
              <spirit:viewNameRef>xilinx_verilogbehavioralsimulation</spirit:viewNameRef>
            </spirit:wireTypeDef>
          </spirit:wireTypeDefs>
        </spirit:wire>
      </spirit:port>
      <spirit:port>
        <spirit:name>axi_lite_rresp</spirit:name>
        <spirit:wire>
          <spirit:direction>out</spirit:direction>
          <spirit:vector>
            <spirit:left spirit:format="long">1</spirit:left>
            <spirit:right spirit:format="long">0</spirit:right>
          </spirit:vector>
          <spirit:wireTypeDefs>
            <spirit:wireTypeDef>
              <spirit:typeName>wire</spirit:typeName>
              <spirit:viewNameRef>xilinx_verilogsynthesis</spirit:viewNameRef>
              <spirit:viewNameRef>xilinx_verilogbehavioralsimulation</spirit:viewNameRef>
            </spirit:wireTypeDef>
          </spirit:wireTypeDefs>
        </spirit:wire>
      </spirit:port>
      <spirit:port>
        <spirit:name>axi_lite_rvalid</spirit:name>
        <spirit:wire>
          <spirit:direction>out</spirit:direction>
          <spirit:wireTypeDefs>
            <spirit:wireTypeDef>
              <spirit:typeName>wire</spirit:typeName>
              <spirit:viewNameRef>xilinx_verilogsynthesis</spirit:viewNameRef>
              <spirit:viewNameRef>xilinx_verilogbehavioralsimulation</spirit:viewNameRef>
            </spirit:wireTypeDef>
          </spirit:wireTypeDefs>
        </spirit:wire>
      </spirit:port>
      <spirit:port>
        <spirit:name>axi_lite_rready</spirit:name>
        <spirit:wire>
          <spirit:direction>in</spirit:direction>
          <spirit:wireTypeDefs>
            <spirit:wireTypeDef>
              <spirit:typeName>wire</spirit:typeName>
              <spirit:viewNameRef>xilinx_verilogsynthesis</spirit:viewNameRef>
              <spirit:viewNameRef>xilinx_verilogbehavioralsimulation</spirit:viewNameRef>
            </spirit:wireTypeDef>
          </spirit:wireTypeDefs>
        </spirit:wire>
      </spirit:port>
    </spirit:ports>
    <spirit:modelParameters>
      <spirit:modelParameter xsi:type="spirit:nameValueTypeType" spirit:dataType="integer">
        <spirit:name>C_AXI_LITE_DATA_WIDTH</spirit:name>
        <spirit:displayName>C AXI LITE DATA WIDTH</spirit:displayName>
        <spirit:description>Width of S_AXI data bus</spirit:description>
        <spirit:value spirit:format="long" spirit:resolve="generated" spirit:id="MODELPARAM_VALUE.C_AXI_LITE_DATA_WIDTH" spirit:order="3" spirit:rangeType="long">32</spirit:value>
      </spirit:modelParameter>
      <spirit:modelParameter spirit:dataType="integer">
        <spirit:name>C_AXI_LITE_ADDR_WIDTH</spirit:name>
        <spirit:displayName>C AXI LITE ADDR WIDTH</spirit:displayName>
        <spirit:description>Width of S_AXI address bus</spirit:description>
        <spirit:value spirit:format="long" spirit:resolve="generated" spirit:id="MODELPARAM_VALUE.C_AXI_LITE_ADDR_WIDTH" spirit:order="4" spirit:rangeType="long">4</spirit:value>
      </spirit:modelParameter>
    </spirit:modelParameters>
  </spirit:model>
  <spirit:choices>
    <spirit:choice>
      <spirit:name>choice_list_6fc15197</spirit:name>
      <spirit:enumeration>32</spirit:enumeration>
    </spirit:choice>
    <spirit:choice>
      <spirit:name>choice_list_9d8b0d81</spirit:name>
      <spirit:enumeration>ACTIVE_HIGH</spirit:enumeration>
      <spirit:enumeration>ACTIVE_LOW</spirit:enumeration>
    </spirit:choice>
    <spirit:choice>
      <spirit:name>choice_pairs_ce1226b1</spirit:name>
      <spirit:enumeration spirit:text="true">1</spirit:enumeration>
      <spirit:enumeration spirit:text="false">0</spirit:enumeration>
    </spirit:choice>
  </spirit:choices>
  <spirit:fileSets>
    <spirit:fileSet>
      <spirit:name>xilinx_verilogsynthesis_view_fileset</spirit:name>
      <spirit:file>
        <spirit:name>src/BLOCK_GEN.v</spirit:name>
        <spirit:fileType>verilogSource</spirit:fileType>
      </spirit:file>
      <spirit:file>
        <spirit:name>src/CHAR_ROM.v</spirit:name>
        <spirit:fileType>verilogSource</spirit:fileType>
      </spirit:file>
      <spirit:file>
        <spirit:name>src/CLOCKER.v</spirit:name>
        <spirit:fileType>verilogSource</spirit:fileType>
      </spirit:file>
      <spirit:file>
        <spirit:name>hdl/GPU_DC_v1_0_AXI_LITE.v</spirit:name>
        <spirit:fileType>verilogSource</spirit:fileType>
      </spirit:file>
      <spirit:file>
        <spirit:name>src/GRAM_DECODER.v</spirit:name>
        <spirit:fileType>verilogSource</spirit:fileType>
      </spirit:file>
      <spirit:file>
        <spirit:name>src/TEXT_GEN.v</spirit:name>
        <spirit:fileType>verilogSource</spirit:fileType>
      </spirit:file>
      <spirit:file>
        <spirit:name>src/TIMING_GEN.v</spirit:name>
        <spirit:fileType>verilogSource</spirit:fileType>
      </spirit:file>
      <spirit:file>
        <spirit:name>hdl/GPU_DC_v1_0.v</spirit:name>
        <spirit:fileType>verilogSource</spirit:fileType>
        <spirit:userFileType>CHECKSUM_cd831775</spirit:userFileType>
      </spirit:file>
    </spirit:fileSet>
    <spirit:fileSet>
      <spirit:name>xilinx_verilogbehavioralsimulation_view_fileset</spirit:name>
      <spirit:file>
        <spirit:name>src/BLOCK_GEN.v</spirit:name>
        <spirit:fileType>verilogSource</spirit:fileType>
      </spirit:file>
      <spirit:file>
        <spirit:name>src/CHAR_ROM.v</spirit:name>
        <spirit:fileType>verilogSource</spirit:fileType>
      </spirit:file>
      <spirit:file>
        <spirit:name>src/CLOCKER.v</spirit:name>
        <spirit:fileType>verilogSource</spirit:fileType>
      </spirit:file>
      <spirit:file>
        <spirit:name>hdl/GPU_DC_v1_0_AXI_LITE.v</spirit:name>
        <spirit:fileType>verilogSource</spirit:fileType>
      </spirit:file>
      <spirit:file>
        <spirit:name>src/GRAM_DECODER.v</spirit:name>
        <spirit:fileType>verilogSource</spirit:fileType>
      </spirit:file>
      <spirit:file>
        <spirit:name>src/TEXT_GEN.v</spirit:name>
        <spirit:fileType>verilogSource</spirit:fileType>
      </spirit:file>
      <spirit:file>
        <spirit:name>src/TIMING_GEN.v</spirit:name>
        <spirit:fileType>verilogSource</spirit:fileType>
      </spirit:file>
      <spirit:file>
        <spirit:name>hdl/GPU_DC_v1_0.v</spirit:name>
        <spirit:fileType>verilogSource</spirit:fileType>
      </spirit:file>
    </spirit:fileSet>
    <spirit:fileSet>
      <spirit:name>xilinx_softwaredriver_view_fileset</spirit:name>
      <spirit:file>
        <spirit:name>drivers/GPU_DC_v1_0/data/GPU_DC.mdd</spirit:name>
        <spirit:userFileType>mdd</spirit:userFileType>
        <spirit:userFileType>driver_mdd</spirit:userFileType>
      </spirit:file>
      <spirit:file>
        <spirit:name>drivers/GPU_DC_v1_0/data/GPU_DC.tcl</spirit:name>
        <spirit:fileType>tclSource</spirit:fileType>
        <spirit:userFileType>driver_tcl</spirit:userFileType>
      </spirit:file>
      <spirit:file>
        <spirit:name>drivers/GPU_DC_v1_0/src/Makefile</spirit:name>
        <spirit:userFileType>driver_src</spirit:userFileType>
      </spirit:file>
      <spirit:file>
        <spirit:name>drivers/GPU_DC_v1_0/src/GPU_DC.h</spirit:name>
        <spirit:fileType>cSource</spirit:fileType>
        <spirit:userFileType>driver_src</spirit:userFileType>
      </spirit:file>
      <spirit:file>
        <spirit:name>drivers/GPU_DC_v1_0/src/GPU_DC.c</spirit:name>
        <spirit:fileType>cSource</spirit:fileType>
        <spirit:userFileType>driver_src</spirit:userFileType>
      </spirit:file>
      <spirit:file>
        <spirit:name>drivers/GPU_DC_v1_0/src/GPU_DC_selftest.c</spirit:name>
        <spirit:fileType>cSource</spirit:fileType>
        <spirit:userFileType>driver_src</spirit:userFileType>
      </spirit:file>
    </spirit:fileSet>
    <spirit:fileSet>
      <spirit:name>xilinx_xpgui_view_fileset</spirit:name>
      <spirit:file>
        <spirit:name>xgui/GPU_DC_v1_7.tcl</spirit:name>
        <spirit:fileType>tclSource</spirit:fileType>
        <spirit:userFileType>CHECKSUM_ff2deb99</spirit:userFileType>
        <spirit:userFileType>XGUI_VERSION_2</spirit:userFileType>
      </spirit:file>
    </spirit:fileSet>
    <spirit:fileSet>
      <spirit:name>bd_tcl_view_fileset</spirit:name>
      <spirit:file>
        <spirit:name>bd/bd.tcl</spirit:name>
        <spirit:fileType>tclSource</spirit:fileType>
      </spirit:file>
    </spirit:fileSet>
  </spirit:fileSets>
  <spirit:description>Simple GPU based na 2D textured blocks and text in block locations.</spirit:description>
  <spirit:parameters>
    <spirit:parameter>
      <spirit:name>C_AXI_LITE_DATA_WIDTH</spirit:name>
      <spirit:displayName>C AXI LITE DATA WIDTH</spirit:displayName>
      <spirit:description>Width of S_AXI data bus</spirit:description>
      <spirit:value spirit:format="long" spirit:resolve="user" spirit:id="PARAM_VALUE.C_AXI_LITE_DATA_WIDTH" spirit:choiceRef="choice_list_6fc15197" spirit:order="3">32</spirit:value>
      <spirit:vendorExtensions>
        <xilinx:parameterInfo>
          <xilinx:enablement>
            <xilinx:isEnabled xilinx:id="PARAM_ENABLEMENT.C_AXI_LITE_DATA_WIDTH">false</xilinx:isEnabled>
          </xilinx:enablement>
        </xilinx:parameterInfo>
      </spirit:vendorExtensions>
    </spirit:parameter>
    <spirit:parameter>
      <spirit:name>C_AXI_LITE_ADDR_WIDTH</spirit:name>
      <spirit:displayName>C AXI LITE ADDR WIDTH</spirit:displayName>
      <spirit:description>Width of S_AXI address bus</spirit:description>
      <spirit:value spirit:format="long" spirit:resolve="user" spirit:id="PARAM_VALUE.C_AXI_LITE_ADDR_WIDTH" spirit:order="4" spirit:rangeType="long">4</spirit:value>
      <spirit:vendorExtensions>
        <xilinx:parameterInfo>
          <xilinx:enablement>
            <xilinx:isEnabled xilinx:id="PARAM_ENABLEMENT.C_AXI_LITE_ADDR_WIDTH">false</xilinx:isEnabled>
          </xilinx:enablement>
        </xilinx:parameterInfo>
      </spirit:vendorExtensions>
    </spirit:parameter>
    <spirit:parameter>
      <spirit:name>C_AXI_LITE_BASEADDR</spirit:name>
      <spirit:displayName>C AXI LITE BASEADDR</spirit:displayName>
      <spirit:value spirit:format="bitString" spirit:resolve="user" spirit:id="PARAM_VALUE.C_AXI_LITE_BASEADDR" spirit:order="5" spirit:bitStringLength="32">0xFFFFFFFF</spirit:value>
      <spirit:vendorExtensions>
        <xilinx:parameterInfo>
          <xilinx:enablement>
            <xilinx:isEnabled xilinx:id="PARAM_ENABLEMENT.C_AXI_LITE_BASEADDR">false</xilinx:isEnabled>
          </xilinx:enablement>
        </xilinx:parameterInfo>
      </spirit:vendorExtensions>
    </spirit:parameter>
    <spirit:parameter>
      <spirit:name>C_AXI_LITE_HIGHADDR</spirit:name>
      <spirit:displayName>C AXI LITE HIGHADDR</spirit:displayName>
      <spirit:value spirit:format="bitString" spirit:resolve="user" spirit:id="PARAM_VALUE.C_AXI_LITE_HIGHADDR" spirit:order="6" spirit:bitStringLength="32">0x00000000</spirit:value>
      <spirit:vendorExtensions>
        <xilinx:parameterInfo>
          <xilinx:enablement>
            <xilinx:isEnabled xilinx:id="PARAM_ENABLEMENT.C_AXI_LITE_HIGHADDR">false</xilinx:isEnabled>
          </xilinx:enablement>
        </xilinx:parameterInfo>
      </spirit:vendorExtensions>
    </spirit:parameter>
    <spirit:parameter>
      <spirit:name>Component_Name</spirit:name>
      <spirit:value spirit:resolve="user" spirit:id="PARAM_VALUE.Component_Name" spirit:order="1">GPU_DC_v1_7</spirit:value>
    </spirit:parameter>
  </spirit:parameters>
  <spirit:vendorExtensions>
    <xilinx:coreExtensions>
      <xilinx:supportedFamilies>
        <xilinx:family xilinx:lifeCycle="Beta">artix7</xilinx:family>
      </xilinx:supportedFamilies>
      <xilinx:taxonomies>
        <xilinx:taxonomy>AXI_Peripheral</xilinx:taxonomy>
      </xilinx:taxonomies>
      <xilinx:displayName>GPU</xilinx:displayName>
      <xilinx:coreRevision>2</xilinx:coreRevision>
      <xilinx:upgrades>
        <xilinx:canUpgradeFrom>xilinx.com:user:GPU_DC:1.2</xilinx:canUpgradeFrom>
        <xilinx:canUpgradeFrom>xilinx.com:user:GPU_DC:1.3</xilinx:canUpgradeFrom>
        <xilinx:canUpgradeFrom>xilinx.com:user:GPU_DC:1.4</xilinx:canUpgradeFrom>
        <xilinx:canUpgradeFrom>xilinx.com:user:GPU_DC:1.6</xilinx:canUpgradeFrom>
      </xilinx:upgrades>
      <xilinx:coreCreationDateTime>2020-08-10T17:00:31Z</xilinx:coreCreationDateTime>
      <xilinx:tags>
        <xilinx:tag xilinx:name="ui.data.coregen.dd@7370a72a_ARCHIVE_LOCATION">d:/bomberman_uec2/ip_repo/GPU_DC_1.0</xilinx:tag>
        <xilinx:tag xilinx:name="ui.data.coregen.dd@3d6f661a_ARCHIVE_LOCATION">d:/bomberman_uec2/ip_repo/GPU_DC_1.0</xilinx:tag>
        <xilinx:tag xilinx:name="ui.data.coregen.dd@71940c8c_ARCHIVE_LOCATION">d:/bomberman_uec2/ip_repo/GPU_DC_1.0</xilinx:tag>
        <xilinx:tag xilinx:name="ui.data.coregen.dd@78628a5f_ARCHIVE_LOCATION">d:/bomberman_uec2/ip_repo/GPU_DC_1.0</xilinx:tag>
        <xilinx:tag xilinx:name="ui.data.coregen.dd@3e4088b5_ARCHIVE_LOCATION">d:/bomberman_uec2/ip_repo/GPU_DC_1.0</xilinx:tag>
        <xilinx:tag xilinx:name="ui.data.coregen.dd@73610eb8_ARCHIVE_LOCATION">d:/bomberman_uec2/ip_repo/GPU_DC_1.0</xilinx:tag>
        <xilinx:tag xilinx:name="ui.data.coregen.dd@4dad6929_ARCHIVE_LOCATION">d:/bomberman_uec2/ip_repo/GPU_DC_1.0</xilinx:tag>
        <xilinx:tag xilinx:name="ui.data.coregen.dd@26d75745_ARCHIVE_LOCATION">d:/bomberman_uec2/ip_repo/GPU_DC_1.0</xilinx:tag>
        <xilinx:tag xilinx:name="ui.data.coregen.dd@16f1e3ac_ARCHIVE_LOCATION">d:/bomberman_uec2/ip_repo/GPU_DC_1.0</xilinx:tag>
        <xilinx:tag xilinx:name="ui.data.coregen.dd@45ae3876_ARCHIVE_LOCATION">d:/bomberman_uec2/ip_repo/GPU_DC_1.0</xilinx:tag>
        <xilinx:tag xilinx:name="ui.data.coregen.dd@4537aa00_ARCHIVE_LOCATION">d:/bomberman_uec2/ip_repo/GPU_DC_1.0</xilinx:tag>
        <xilinx:tag xilinx:name="ui.data.coregen.dd@7df6e125_ARCHIVE_LOCATION">d:/bomberman_uec2/ip_repo/GPU_DC_1.0</xilinx:tag>
        <xilinx:tag xilinx:name="ui.data.coregen.dd@784305d3_ARCHIVE_LOCATION">d:/bomberman_uec2/ip_repo/GPU_DC_1.0</xilinx:tag>
        <xilinx:tag xilinx:name="ui.data.coregen.dd@592aef8f_ARCHIVE_LOCATION">d:/bomberman_uec2/ip_repo/GPU_DC_1.0</xilinx:tag>
        <xilinx:tag xilinx:name="ui.data.coregen.dd@5d6cbf3b_ARCHIVE_LOCATION">d:/bomberman_uec2/ip_repo/GPU_DC_1.0</xilinx:tag>
        <xilinx:tag xilinx:name="ui.data.coregen.dd@6c139528_ARCHIVE_LOCATION">d:/bomberman_uec2/ip_repo/GPU_DC_1.0</xilinx:tag>
        <xilinx:tag xilinx:name="ui.data.coregen.dd@4558fe27_ARCHIVE_LOCATION">d:/bomberman_uec2/ip_repo/GPU_DC_1.0</xilinx:tag>
        <xilinx:tag xilinx:name="ui.data.coregen.dd@7c1790c1_ARCHIVE_LOCATION">d:/bomberman_uec2/ip_repo/GPU_DC_1.0</xilinx:tag>
        <xilinx:tag xilinx:name="ui.data.coregen.dd@76b82b6_ARCHIVE_LOCATION">d:/bomberman_uec2/ip_repo/GPU_DC_1.0</xilinx:tag>
        <xilinx:tag xilinx:name="ui.data.coregen.dd@65d0731_ARCHIVE_LOCATION">d:/bomberman_uec2/ip_repo/GPU_DC_1.0</xilinx:tag>
        <xilinx:tag xilinx:name="ui.data.coregen.dd@3956970e_ARCHIVE_LOCATION">d:/bomberman_uec2/ip_repo/GPU_DC_1.0</xilinx:tag>
        <xilinx:tag xilinx:name="ui.data.coregen.dd@71a4d63a_ARCHIVE_LOCATION">d:/bomberman_uec2/ip_repo/GPU_DC_1.0</xilinx:tag>
        <xilinx:tag xilinx:name="ui.data.coregen.dd@1714bc30_ARCHIVE_LOCATION">d:/bomberman_uec2/ip_repo/GPU_DC_1.0</xilinx:tag>
        <xilinx:tag xilinx:name="ui.data.coregen.dd@2fcfda00_ARCHIVE_LOCATION">d:/bomberman_uec2/ip_repo/GPU_DC_1.0</xilinx:tag>
        <xilinx:tag xilinx:name="ui.data.coregen.dd@7d9caf0f_ARCHIVE_LOCATION">d:/bomberman_uec2/ip_repo/GPU_DC_1.0</xilinx:tag>
        <xilinx:tag xilinx:name="ui.data.coregen.dd@5f385abf_ARCHIVE_LOCATION">d:/bomberman_uec2/ip_repo/GPU_DC_1.0</xilinx:tag>
        <xilinx:tag xilinx:name="ui.data.coregen.dd@611dd8fc_ARCHIVE_LOCATION">d:/bomberman_uec2/ip_repo/GPU_DC_1.0</xilinx:tag>
        <xilinx:tag xilinx:name="ui.data.coregen.dd@6b9036d3_ARCHIVE_LOCATION">d:/bomberman_uec2/ip_repo/GPU_DC_1.0</xilinx:tag>
        <xilinx:tag xilinx:name="ui.data.coregen.dd@71b76708_ARCHIVE_LOCATION">d:/bomberman_uec2/ip_repo/GPU_DC_1.0</xilinx:tag>
        <xilinx:tag xilinx:name="ui.data.coregen.dd@6a182c14_ARCHIVE_LOCATION">d:/bomberman_uec2/ip_repo/GPU_DC_1.0</xilinx:tag>
        <xilinx:tag xilinx:name="ui.data.coregen.dd@49fba27_ARCHIVE_LOCATION">d:/bomberman_uec2/ip_repo/GPU_DC_1.0</xilinx:tag>
        <xilinx:tag xilinx:name="ui.data.coregen.dd@30161e3_ARCHIVE_LOCATION">d:/bomberman_uec2/ip_repo/GPU_DC_1.0</xilinx:tag>
        <xilinx:tag xilinx:name="ui.data.coregen.dd@35404961_ARCHIVE_LOCATION">d:/bomberman_uec2/ip_repo/GPU_DC_1.0</xilinx:tag>
        <xilinx:tag xilinx:name="ui.data.coregen.dd@408f9fba_ARCHIVE_LOCATION">d:/bomberman_uec2/ip_repo/GPU_DC_1.0</xilinx:tag>
        <xilinx:tag xilinx:name="ui.data.coregen.dd@4ca0f5f0_ARCHIVE_LOCATION">d:/bomberman_uec2/ip_repo/GPU_DC_1.0</xilinx:tag>
        <xilinx:tag xilinx:name="ui.data.coregen.dd@7061189d_ARCHIVE_LOCATION">d:/bomberman_uec2/ip_repo/GPU_DC_1.0</xilinx:tag>
        <xilinx:tag xilinx:name="ui.data.coregen.dd@1b06a449_ARCHIVE_LOCATION">d:/bomberman_uec2/ip_repo/GPU_DC_1.0</xilinx:tag>
        <xilinx:tag xilinx:name="ui.data.coregen.dd@4fe91de_ARCHIVE_LOCATION">d:/bomberman_uec2/ip_repo/GPU_DC_1.0</xilinx:tag>
        <xilinx:tag xilinx:name="ui.data.coregen.dd@76bb033d_ARCHIVE_LOCATION">d:/bomberman_uec2/ip_repo/GPU_DC_1.0</xilinx:tag>
        <xilinx:tag xilinx:name="ui.data.coregen.dd@6ac18180_ARCHIVE_LOCATION">d:/bomberman_uec2/ip_repo/GPU_DC_1.0</xilinx:tag>
        <xilinx:tag xilinx:name="ui.data.coregen.dd@57d0b687_ARCHIVE_LOCATION">d:/bomberman_uec2/ip_repo/GPU_DC_1.0</xilinx:tag>
        <xilinx:tag xilinx:name="ui.data.coregen.dd@4be5aad6_ARCHIVE_LOCATION">d:/bomberman_uec2/ip_repo/GPU_DC_1.0</xilinx:tag>
        <xilinx:tag xilinx:name="ui.data.coregen.dd@a0d826b_ARCHIVE_LOCATION">d:/bomberman_uec2/ip_repo/GPU_DC_1.0</xilinx:tag>
        <xilinx:tag xilinx:name="ui.data.coregen.dd@109daef5_ARCHIVE_LOCATION">d:/bomberman_uec2/ip_repo/GPU_DC_1.0</xilinx:tag>
        <xilinx:tag xilinx:name="ui.data.coregen.dd@be4365a_ARCHIVE_LOCATION">d:/bomberman_uec2/ip_repo/GPU_DC_1.0</xilinx:tag>
        <xilinx:tag xilinx:name="ui.data.coregen.dd@998a816_ARCHIVE_LOCATION">d:/bomberman_uec2/ip_repo/GPU_DC_1.0</xilinx:tag>
        <xilinx:tag xilinx:name="ui.data.coregen.dd@675601f2_ARCHIVE_LOCATION">d:/bomberman_uec2/ip_repo/GPU_DC_1.0</xilinx:tag>
        <xilinx:tag xilinx:name="ui.data.coregen.dd@4aebb1af_ARCHIVE_LOCATION">d:/bomberman_uec2/ip_repo/GPU_DC_1.0</xilinx:tag>
        <xilinx:tag xilinx:name="ui.data.coregen.dd@6639377c_ARCHIVE_LOCATION">d:/bomberman_uec2/ip_repo/GPU_DC_1.0</xilinx:tag>
        <xilinx:tag xilinx:name="ui.data.coregen.dd@6b328907_ARCHIVE_LOCATION">d:/bomberman_uec2/ip_repo/GPU_DC_1.0</xilinx:tag>
        <xilinx:tag xilinx:name="ui.data.coregen.dd@6350e072_ARCHIVE_LOCATION">d:/bomberman_uec2/ip_repo/GPU_DC_1.0</xilinx:tag>
        <xilinx:tag xilinx:name="ui.data.coregen.dd@5f8d85d9_ARCHIVE_LOCATION">d:/bomberman_uec2/ip_repo/GPU_DC_1.0</xilinx:tag>
        <xilinx:tag xilinx:name="ui.data.coregen.dd@23855a26_ARCHIVE_LOCATION">d:/bomberman_uec2/ip_repo/GPU_DC_1.0</xilinx:tag>
        <xilinx:tag xilinx:name="ui.data.coregen.dd@93700f2_ARCHIVE_LOCATION">d:/bomberman_uec2/ip_repo/GPU_DC_1.0</xilinx:tag>
        <xilinx:tag xilinx:name="ui.data.coregen.dd@5a46bfc8_ARCHIVE_LOCATION">d:/bomberman_uec2/ip_repo/GPU_DC_1.0</xilinx:tag>
        <xilinx:tag xilinx:name="ui.data.coregen.dd@da792f9_ARCHIVE_LOCATION">d:/bomberman_uec2/ip_repo/GPU_DC_1.0</xilinx:tag>
        <xilinx:tag xilinx:name="ui.data.coregen.dd@4d52b9aa_ARCHIVE_LOCATION">d:/bomberman_uec2/ip_repo/GPU_DC_1.0</xilinx:tag>
        <xilinx:tag xilinx:name="ui.data.coregen.dd@68ae938a_ARCHIVE_LOCATION">d:/bomberman_uec2/ip_repo/GPU_DC_1.0</xilinx:tag>
        <xilinx:tag xilinx:name="ui.data.coregen.dd@5a7a33ad_ARCHIVE_LOCATION">d:/bomberman_uec2/ip_repo/GPU_DC_1.0</xilinx:tag>
        <xilinx:tag xilinx:name="ui.data.coregen.dd@251ec32b_ARCHIVE_LOCATION">d:/bomberman_uec2/ip_repo/GPU_DC_1.0</xilinx:tag>
        <xilinx:tag xilinx:name="ui.data.coregen.dd@5e7c52c0_ARCHIVE_LOCATION">d:/bomberman_uec2/ip_repo/GPU_DC_1.0</xilinx:tag>
        <xilinx:tag xilinx:name="ui.data.coregen.dd@5e2ad7e6_ARCHIVE_LOCATION">d:/bomberman_uec2/ip_repo/GPU_DC_1.0</xilinx:tag>
        <xilinx:tag xilinx:name="ui.data.coregen.dd@4fb2b47f_ARCHIVE_LOCATION">d:/bomberman_uec2/ip_repo/GPU_DC_1.0</xilinx:tag>
        <xilinx:tag xilinx:name="ui.data.coregen.dd@f87f724_ARCHIVE_LOCATION">d:/bomberman_uec2/ip_repo/GPU_DC_1.0</xilinx:tag>
        <xilinx:tag xilinx:name="ui.data.coregen.dd@6513e81e_ARCHIVE_LOCATION">d:/bomberman_uec2/ip_repo/GPU_DC_1.0</xilinx:tag>
        <xilinx:tag xilinx:name="ui.data.coregen.dd@61d081b9_ARCHIVE_LOCATION">d:/bomberman_uec2/ip_repo/GPU_DC_1.0</xilinx:tag>
        <xilinx:tag xilinx:name="ui.data.coregen.dd@4e7faa75_ARCHIVE_LOCATION">d:/bomberman_uec2/ip_repo/GPU_DC_1.0</xilinx:tag>
        <xilinx:tag xilinx:name="ui.data.coregen.dd@311b9f16_ARCHIVE_LOCATION">d:/bomberman_uec2/ip_repo/GPU_DC_1.0</xilinx:tag>
        <xilinx:tag xilinx:name="ui.data.coregen.dd@509133f8_ARCHIVE_LOCATION">d:/bomberman_uec2/ip_repo/GPU_DC_1.0</xilinx:tag>
        <xilinx:tag xilinx:name="ui.data.coregen.dd@4b6e161c_ARCHIVE_LOCATION">d:/bomberman_uec2/ip_repo/GPU_DC_1.0</xilinx:tag>
        <xilinx:tag xilinx:name="ui.data.coregen.dd@4848e8d6_ARCHIVE_LOCATION">d:/bomberman_uec2/ip_repo/GPU_DC_1.0</xilinx:tag>
        <xilinx:tag xilinx:name="ui.data.coregen.dd@689c0bc3_ARCHIVE_LOCATION">d:/bomberman_uec2/ip_repo/GPU_DC_1.0</xilinx:tag>
        <xilinx:tag xilinx:name="ui.data.coregen.dd@2f0eecce_ARCHIVE_LOCATION">d:/bomberman_uec2/ip_repo/GPU_DC_1.0</xilinx:tag>
        <xilinx:tag xilinx:name="ui.data.coregen.dd@167c4339_ARCHIVE_LOCATION">d:/bomberman_uec2/ip_repo/GPU_DC_1.0</xilinx:tag>
        <xilinx:tag xilinx:name="ui.data.coregen.dd@18474dff_ARCHIVE_LOCATION">d:/bomberman_uec2/ip_repo/GPU_DC_1.0</xilinx:tag>
        <xilinx:tag xilinx:name="ui.data.coregen.dd@59aae2da_ARCHIVE_LOCATION">d:/bomberman_uec2/ip_repo/GPU_DC_1.0</xilinx:tag>
        <xilinx:tag xilinx:name="ui.data.coregen.dd@6d646c1b_ARCHIVE_LOCATION">d:/bomberman_uec2/ip_repo/GPU_DC_1.0</xilinx:tag>
        <xilinx:tag xilinx:name="ui.data.coregen.dd@7cd2016c_ARCHIVE_LOCATION">d:/bomberman_uec2/ip_repo/GPU_DC_1.0</xilinx:tag>
        <xilinx:tag xilinx:name="ui.data.coregen.dd@17b9b3d2_ARCHIVE_LOCATION">d:/bomberman_uec2/ip_repo/GPU_DC_1.0</xilinx:tag>
        <xilinx:tag xilinx:name="ui.data.coregen.dd@3942f1d7_ARCHIVE_LOCATION">d:/bomberman_uec2/ip_repo/GPU_DC_1.0</xilinx:tag>
        <xilinx:tag xilinx:name="ui.data.coregen.dd@382756c0_ARCHIVE_LOCATION">d:/bomberman_uec2/ip_repo/GPU_DC_1.0</xilinx:tag>
        <xilinx:tag xilinx:name="ui.data.coregen.dd@20362961_ARCHIVE_LOCATION">d:/bomberman_uec2/ip_repo/GPU_DC_1.0</xilinx:tag>
        <xilinx:tag xilinx:name="ui.data.coregen.dd@7754338d_ARCHIVE_LOCATION">d:/bomberman_uec2/ip_repo/GPU_DC_1.0</xilinx:tag>
        <xilinx:tag xilinx:name="ui.data.coregen.dd@6b971e0b_ARCHIVE_LOCATION">d:/bomberman_uec2/ip_repo/GPU_DC_1.0</xilinx:tag>
        <xilinx:tag xilinx:name="ui.data.coregen.dd@132e526f_ARCHIVE_LOCATION">d:/bomberman_uec2/ip_repo/GPU_DC_1.0</xilinx:tag>
        <xilinx:tag xilinx:name="ui.data.coregen.dd@1c562d80_ARCHIVE_LOCATION">d:/bomberman_uec2/ip_repo/GPU_DC_1.0</xilinx:tag>
        <xilinx:tag xilinx:name="ui.data.coregen.dd@609e3805_ARCHIVE_LOCATION">d:/bomberman_uec2/ip_repo/GPU_DC_1.0</xilinx:tag>
        <xilinx:tag xilinx:name="ui.data.coregen.dd@106b7c67_ARCHIVE_LOCATION">d:/bomberman_uec2/ip_repo/GPU_DC_1.0</xilinx:tag>
        <xilinx:tag xilinx:name="ui.data.coregen.dd@4cf74775_ARCHIVE_LOCATION">d:/bomberman_uec2/ip_repo/GPU_DC_1.0</xilinx:tag>
        <xilinx:tag xilinx:name="ui.data.coregen.dd@6d71904f_ARCHIVE_LOCATION">d:/bomberman_uec2/ip_repo/GPU_DC_1.0</xilinx:tag>
        <xilinx:tag xilinx:name="ui.data.coregen.dd@235c6a10_ARCHIVE_LOCATION">d:/bomberman_uec2/ip_repo/GPU_DC_1.0</xilinx:tag>
        <xilinx:tag xilinx:name="ui.data.coregen.dd@11427221_ARCHIVE_LOCATION">d:/bomberman_uec2/ip_repo/GPU_DC_1.0</xilinx:tag>
        <xilinx:tag xilinx:name="ui.data.coregen.dd@79e3ad0f_ARCHIVE_LOCATION">d:/bomberman_uec2/ip_repo/GPU_DC_1.0</xilinx:tag>
        <xilinx:tag xilinx:name="ui.data.coregen.dd@50f16899_ARCHIVE_LOCATION">d:/bomberman_uec2/ip_repo/GPU_DC_1.0</xilinx:tag>
        <xilinx:tag xilinx:name="ui.data.coregen.dd@56ac381_ARCHIVE_LOCATION">d:/bomberman_uec2/ip_repo/GPU_DC_1.0</xilinx:tag>
        <xilinx:tag xilinx:name="ui.data.coregen.dd@3da69679_ARCHIVE_LOCATION">d:/bomberman_uec2/ip_repo/GPU_DC_1.0</xilinx:tag>
        <xilinx:tag xilinx:name="ui.data.coregen.dd@4a9931c8_ARCHIVE_LOCATION">d:/bomberman_uec2/ip_repo/GPU_DC_1.0</xilinx:tag>
        <xilinx:tag xilinx:name="ui.data.coregen.dd@69c0c102_ARCHIVE_LOCATION">d:/bomberman_uec2/ip_repo/GPU_DC_1.0</xilinx:tag>
        <xilinx:tag xilinx:name="ui.data.coregen.dd@7823d7a9_ARCHIVE_LOCATION">d:/bomberman_uec2/ip_repo/GPU_DC_1.0</xilinx:tag>
        <xilinx:tag xilinx:name="ui.data.coregen.dd@36f1f681_ARCHIVE_LOCATION">d:/bomberman_uec2/ip_repo/GPU_DC_1.0</xilinx:tag>
        <xilinx:tag xilinx:name="ui.data.coregen.dd@f825b05_ARCHIVE_LOCATION">d:/bomberman_uec2/ip_repo/GPU_DC_1.0</xilinx:tag>
        <xilinx:tag xilinx:name="ui.data.coregen.dd@375f172d_ARCHIVE_LOCATION">d:/bomberman_uec2/ip_repo/GPU_DC_1.0</xilinx:tag>
        <xilinx:tag xilinx:name="ui.data.coregen.dd@539db789_ARCHIVE_LOCATION">d:/bomberman_uec2/ip_repo/GPU_DC_1.0</xilinx:tag>
        <xilinx:tag xilinx:name="ui.data.coregen.dd@10bc852f_ARCHIVE_LOCATION">d:/bomberman_uec2/ip_repo/GPU_DC_1.0</xilinx:tag>
        <xilinx:tag xilinx:name="ui.data.coregen.dd@276d79ef_ARCHIVE_LOCATION">d:/bomberman_uec2/ip_repo/GPU_DC_1.0</xilinx:tag>
        <xilinx:tag xilinx:name="ui.data.coregen.dd@70a11686_ARCHIVE_LOCATION">d:/bomberman_uec2/ip_repo/GPU_DC_1.0</xilinx:tag>
        <xilinx:tag xilinx:name="ui.data.coregen.dd@2f65796f_ARCHIVE_LOCATION">d:/bomberman_uec2/ip_repo/GPU_DC_1.0</xilinx:tag>
        <xilinx:tag xilinx:name="ui.data.coregen.dd@1ec42b02_ARCHIVE_LOCATION">d:/bomberman_uec2/ip_repo/GPU_DC_1.0</xilinx:tag>
        <xilinx:tag xilinx:name="ui.data.coregen.dd@689aa4b6_ARCHIVE_LOCATION">d:/bomberman_uec2/ip_repo/GPU_DC_1.0</xilinx:tag>
        <xilinx:tag xilinx:name="ui.data.coregen.dd@df23134_ARCHIVE_LOCATION">d:/bomberman_uec2/ip_repo/GPU_DC_1.0</xilinx:tag>
        <xilinx:tag xilinx:name="ui.data.coregen.dd@513bdb8_ARCHIVE_LOCATION">d:/bomberman_uec2/ip_repo/GPU_DC_1.0</xilinx:tag>
        <xilinx:tag xilinx:name="ui.data.coregen.dd@11e8e4ce_ARCHIVE_LOCATION">d:/bomberman_uec2/ip_repo/GPU_DC_1.0</xilinx:tag>
        <xilinx:tag xilinx:name="ui.data.coregen.dd@163ec80b_ARCHIVE_LOCATION">d:/bomberman_uec2/ip_repo/GPU_DC_1.0</xilinx:tag>
        <xilinx:tag xilinx:name="ui.data.coregen.dd@444e2c70_ARCHIVE_LOCATION">d:/bomberman_uec2/ip_repo/GPU_DC_1.0</xilinx:tag>
        <xilinx:tag xilinx:name="ui.data.coregen.dd@9de3c9a_ARCHIVE_LOCATION">d:/bomberman_uec2/ip_repo/GPU_DC_1.0</xilinx:tag>
        <xilinx:tag xilinx:name="ui.data.coregen.dd@26bd0430_ARCHIVE_LOCATION">d:/bomberman_uec2/ip_repo/GPU_DC_1.0</xilinx:tag>
        <xilinx:tag xilinx:name="ui.data.coregen.dd@4223df51_ARCHIVE_LOCATION">d:/bomberman_uec2/ip_repo/GPU_DC_1.0</xilinx:tag>
        <xilinx:tag xilinx:name="ui.data.coregen.dd@15af154b_ARCHIVE_LOCATION">d:/bomberman_uec2/ip_repo/GPU_DC_1.0</xilinx:tag>
        <xilinx:tag xilinx:name="ui.data.coregen.dd@14275eb6_ARCHIVE_LOCATION">d:/bomberman_uec2/ip_repo/GPU_DC_1.0</xilinx:tag>
        <xilinx:tag xilinx:name="ui.data.coregen.dd@78ab24e3_ARCHIVE_LOCATION">d:/bomberman_uec2/ip_repo/GPU_DC_1.0</xilinx:tag>
        <xilinx:tag xilinx:name="ui.data.coregen.dd@e982d9d_ARCHIVE_LOCATION">d:/bomberman_uec2/ip_repo/GPU_DC_1.0</xilinx:tag>
        <xilinx:tag xilinx:name="ui.data.coregen.dd@700b4344_ARCHIVE_LOCATION">d:/bomberman_uec2/ip_repo/GPU_DC_1.0</xilinx:tag>
        <xilinx:tag xilinx:name="ui.data.coregen.dd@6809ae7c_ARCHIVE_LOCATION">d:/bomberman_uec2/ip_repo/GPU_DC_1.0</xilinx:tag>
        <xilinx:tag xilinx:name="ui.data.coregen.dd@205f6992_ARCHIVE_LOCATION">d:/bomberman_uec2/ip_repo/GPU_DC_1.0</xilinx:tag>
        <xilinx:tag xilinx:name="ui.data.coregen.dd@52f2ba75_ARCHIVE_LOCATION">d:/bomberman_uec2/ip_repo/GPU_DC_1.0</xilinx:tag>
        <xilinx:tag xilinx:name="ui.data.coregen.dd@59206806_ARCHIVE_LOCATION">d:/bomberman_uec2/ip_repo/GPU_DC_1.0</xilinx:tag>
        <xilinx:tag xilinx:name="ui.data.coregen.dd@330dd045_ARCHIVE_LOCATION">d:/bomberman_uec2/ip_repo/GPU_DC_1.0</xilinx:tag>
        <xilinx:tag xilinx:name="ui.data.coregen.dd@73b412a_ARCHIVE_LOCATION">d:/bomberman_uec2/ip_repo/GPU_DC_1.0</xilinx:tag>
        <xilinx:tag xilinx:name="ui.data.coregen.dd@32179b7e_ARCHIVE_LOCATION">d:/bomberman_uec2/ip_repo/GPU_DC_1.0</xilinx:tag>
        <xilinx:tag xilinx:name="ui.data.coregen.dd@3dd69fec_ARCHIVE_LOCATION">d:/bomberman_uec2/ip_repo/GPU_DC_1.0</xilinx:tag>
        <xilinx:tag xilinx:name="ui.data.coregen.dd@2c1fe3e_ARCHIVE_LOCATION">d:/bomberman_uec2/ip_repo/GPU_DC_1.0</xilinx:tag>
        <xilinx:tag xilinx:name="ui.data.coregen.dd@43d2ac27_ARCHIVE_LOCATION">d:/bomberman_uec2/ip_repo/GPU_DC_1.0</xilinx:tag>
        <xilinx:tag xilinx:name="ui.data.coregen.dd@42db8274_ARCHIVE_LOCATION">d:/bomberman_uec2/ip_repo/GPU_DC_1.0</xilinx:tag>
        <xilinx:tag xilinx:name="ui.data.coregen.dd@3dd0543c_ARCHIVE_LOCATION">d:/bomberman_uec2/ip_repo/GPU_DC_1.0</xilinx:tag>
        <xilinx:tag xilinx:name="ui.data.coregen.dd@14f30466_ARCHIVE_LOCATION">d:/bomberman_uec2/ip_repo/GPU_DC_1.0</xilinx:tag>
        <xilinx:tag xilinx:name="ui.data.coregen.dd@df6960d_ARCHIVE_LOCATION">d:/bomberman_uec2/ip_repo/GPU_DC_1.0</xilinx:tag>
        <xilinx:tag xilinx:name="ui.data.coregen.dd@6d81cce0_ARCHIVE_LOCATION">d:/bomberman_uec2/ip_repo/GPU_DC_1.0</xilinx:tag>
        <xilinx:tag xilinx:name="ui.data.coregen.dd@29a042d5_ARCHIVE_LOCATION">d:/bomberman_uec2/ip_repo/GPU_DC_1.0</xilinx:tag>
        <xilinx:tag xilinx:name="ui.data.coregen.dd@42479e88_ARCHIVE_LOCATION">d:/bomberman_uec2/ip_repo/GPU_DC_1.0</xilinx:tag>
        <xilinx:tag xilinx:name="ui.data.coregen.dd@6c1edb4f_ARCHIVE_LOCATION">d:/bomberman_uec2/ip_repo/GPU_DC_1.0</xilinx:tag>
        <xilinx:tag xilinx:name="ui.data.coregen.dd@1fc7edb_ARCHIVE_LOCATION">d:/bomberman_uec2/ip_repo/GPU_DC_1.0</xilinx:tag>
        <xilinx:tag xilinx:name="ui.data.coregen.dd@4db62b1a_ARCHIVE_LOCATION">d:/bomberman_uec2/ip_repo/GPU_DC_1.0</xilinx:tag>
        <xilinx:tag xilinx:name="ui.data.coregen.dd@5289a782_ARCHIVE_LOCATION">d:/bomberman_uec2/ip_repo/GPU_DC_1.0</xilinx:tag>
        <xilinx:tag xilinx:name="ui.data.coregen.dd@9a2cbc1_ARCHIVE_LOCATION">d:/bomberman_uec2/ip_repo/GPU_DC_1.0</xilinx:tag>
        <xilinx:tag xilinx:name="ui.data.coregen.dd@4f354eea_ARCHIVE_LOCATION">d:/bomberman_uec2/ip_repo/GPU_DC_1.0</xilinx:tag>
        <xilinx:tag xilinx:name="ui.data.coregen.dd@66b90e1_ARCHIVE_LOCATION">d:/bomberman_uec2/ip_repo/GPU_DC_1.0</xilinx:tag>
      </xilinx:tags>
    </xilinx:coreExtensions>
    <xilinx:packagingInfo>
      <xilinx:xilinxVersion>2019.2</xilinx:xilinxVersion>
      <xilinx:checksum xilinx:scope="busInterfaces" xilinx:value="9ccc1c8d"/>
      <xilinx:checksum xilinx:scope="memoryMaps" xilinx:value="7fca3d6a"/>
      <xilinx:checksum xilinx:scope="fileGroups" xilinx:value="5d49f428"/>
      <xilinx:checksum xilinx:scope="ports" xilinx:value="ae691706"/>
      <xilinx:checksum xilinx:scope="hdlParameters" xilinx:value="94f8611d"/>
      <xilinx:checksum xilinx:scope="parameters" xilinx:value="51953cae"/>
    </xilinx:packagingInfo>
  </spirit:vendorExtensions>
</spirit:component>
